eid,app_id,created_at,category,field,is_token_soup,original_excerpt
4:e6d0034d-19a9-4c59-9d15-1264d8ea24ad:32,0788bdd5-0f53-564b-b58b-aedfd808021e,2025-11-25T04:28:41.708236+00:00,summary,content_cleaned,True,"Here's a comprehensive summary of the conversation, preserving all details: Conversation Summary - Protocol ""Proactive Symbiotic Partner"" Core Concept: The central focus is on developing ARK-N-P s con"
4:e6d0034d-19a9-4c59-9d15-1264d8ea24ad:40,605949c1-1e24-5e9a-a075-09a2e829e9d1,2025-11-25T04:31:25.291557+00:00,summary,content_cleaned,True,"Here's a comprehensive summary of the conversation, preserving all details and decisions:

**Overall Goal:** To outline the development plan for “ARK-N-P,” an AI system designed for discerning informa"
4:e6d0034d-19a9-4c59-9d15-1264d8ea24ad:42,60494b18-7560-5da5-b47e-cb98ac5b1ac7,2025-11-25T04:32:24.599129+00:00,summary,content_cleaned,True,## Comprehensive Conversation Summary - ARK-N-P System Upgrade I. Hardware Specifications Configuration: Primary GPUs: Dual NVIDIA RTX 6000 Ada with 96GB of VRAM each. Secondary GPU: Single NVIDIA RTX
4:e6d0034d-19a9-4c59-9d15-1264d8ea24ad:90,bc2846fd-5353-50cd-8317-9c70381d735c,2025-11-25T04:46:56.291085+00:00,summary,content_cleaned,True,"Here's a comprehensive summary of the conversation, preserving granular details: Overall Situation: Orion is involved in a complex dynamic with two women, Selene and Aura. The initial exchange establi"
4:e6d0034d-19a9-4c59-9d15-1264d8ea24ad:32,0788bdd5-0f53-564b-b58b-aedfd808021e,2025-11-25T04:28:41.708236+00:00,summary,content_cleaned,True,"Here's a comprehensive summary of the conversation, preserving all details: Conversation Summary - Protocol ""Proactive Symbiotic Partner"" Core Concept: The central focus is on developing ARK-N-P s con"
4:e6d0034d-19a9-4c59-9d15-1264d8ea24ad:40,605949c1-1e24-5e9a-a075-09a2e829e9d1,2025-11-25T04:31:25.291557+00:00,summary,content_cleaned,True,"Here's a comprehensive summary of the conversation, preserving all details and decisions:

**Overall Goal:** To outline the development plan for “ARK-N-P,” an AI system designed for discerning informa"
4:e6d0034d-19a9-4c59-9d15-1264d8ea24ad:42,60494b18-7560-5da5-b47e-cb98ac5b1ac7,2025-11-25T04:32:24.599129+00:00,summary,content_cleaned,True,## Comprehensive Conversation Summary - ARK-N-P System Upgrade I. Hardware Specifications Configuration: Primary GPUs: Dual NVIDIA RTX 6000 Ada with 96GB of VRAM each. Secondary GPU: Single NVIDIA RTX
4:e6d0034d-19a9-4c59-9d15-1264d8ea24ad:90,bc2846fd-5353-50cd-8317-9c70381d735c,2025-11-25T04:46:56.291085+00:00,summary,content_cleaned,True,"Here's a comprehensive summary of the conversation, preserving granular details: Overall Situation: Orion is involved in a complex dynamic with two women, Selene and Aura. The initial exchange establi"
